brand,year,km_driven,fuel,transmission,owner,selling_price
Ford,2006,140442,Diesel,Manual,First,35000.0
Volkswagen,2013,133756,Diesel,Manual,First,279977.0
Volkswagen,2008,167183,Diesel,Manual,First,131408.0
Maruti,2017,160380,Diesel,Manual,Second,267846.0
Tata,2006,174872,Diesel,Manual,First,75832.0
Hyundai,2022,100649,Diesel,Automatic,Third,390864.0
Maruti,2023,69830,Petrol,Manual,First,460798.0
Ford,2014,103787,Petrol,Automatic,Second,234799.0
Tata,2020,150645,Petrol,Manual,Second,349619.0
Hyundai,2021,150728,Petrol,Automatic,Second,347767.0
Mahindra,2010,141627,Diesel,Manual,First,154375.0
Tata,2014,119525,Diesel,Automatic,Second,266270.0
Volkswagen,2006,102861,Petrol,Manual,First,64389.0
Renault,2011,178716,Petrol,Manual,First,146796.0
Hyundai,2013,120835,Diesel,Manual,First,279320.0
Hyundai,2016,61212,Petrol,Manual,Second,306456.0
Kia,2019,33222,Petrol,Manual,First,441922.0
Toyota,2015,46784,Diesel,Manual,First,358735.0
Toyota,2011,173332,Diesel,Manual,Third,161065.0
Volkswagen,2023,50699,Petrol,Manual,First,483910.0
Volkswagen,2007,84760,Petrol,Manual,First,50265.0
Volkswagen,2009,8416,Diesel,Manual,Second,204369.0
Ford,2006,118723,Petrol,Manual,First,75238.0
Hyundai,2006,120604,Petrol,Manual,First,42977.0
Tata,2024,106685,Diesel,Manual,Third,386316.0
Volkswagen,2011,86743,Petrol,Manual,First,210747.0
Mahindra,2008,105052,Petrol,Manual,First,106960.0
Maruti,2014,54797,Diesel,Automatic,First,280217.0
Ford,2011,24000,Petrol,Manual,Second,155880.0
Hyundai,2018,61118,CNG,Manual,First,357059.0
Toyota,2015,69911,Diesel,Manual,Third,316102.0
Mahindra,2021,113825,Petrol,Automatic,First,439652.0
Kia,2010,81141,Diesel,Automatic,Second,202883.0
Mahindra,2024,25296,Petrol,Automatic,Second,549625.0
Volkswagen,2022,21531,Petrol,Automatic,First,556893.0
Renault,2019,16837,Petrol,Manual,First,346866.0
Kia,2010,59306,CNG,Manual,First,232837.0
Honda,2020,35498,Petrol,Manual,First,456935.0
Volkswagen,2023,126495,Petrol,Automatic,Second,398098.0
Hyundai,2016,149541,Petrol,Automatic,First,312678.0
Mahindra,2007,90502,CNG,Manual,Third,35000.0
Mahindra,2018,109463,Diesel,Manual,First,394960.0
Hyundai,2005,174090,CNG,Automatic,First,35000.0
Maruti,2016,153221,Petrol,Automatic,Second,192814.0
Volkswagen,2011,97884,Diesel,Manual,First,181987.0
Ford,2017,24902,Diesel,Manual,First,314972.0
Renault,2024,135552,Petrol,Manual,First,479578.0
Renault,2021,38652,Petrol,Manual,Third,346848.0
Mahindra,2008,54826,Petrol,Manual,First,152582.0
Maruti,2008,150423,Diesel,Manual,First,136176.0
Volkswagen,2024,93292,Diesel,Manual,First,624639.0
Honda,2022,44912,Diesel,Manual,First,484694.0
Hyundai,2006,150855,CNG,Manual,Second,36631.0
Kia,2006,46978,Diesel,Automatic,Second,111741.0
Renault,2019,28546,Petrol,Automatic,First,391576.0
Ford,2015,125078,Petrol,Manual,First,271455.0
Toyota,2017,45699,Petrol,Manual,First,396525.0
Honda,2012,46203,CNG,Automatic,First,322424.0
Kia,2014,98701,Diesel,Automatic,First,344745.0
Honda,2021,17681,Diesel,Manual,Second,456669.0
Ford,2024,112516,Diesel,Manual,Third,402652.0
Kia,2006,172989,Diesel,Manual,Second,39181.0
Maruti,2023,170554,Diesel,Manual,First,454592.0
Mahindra,2010,27634,Diesel,Manual,First,223678.0
Mahindra,2023,144867,Diesel,Automatic,First,458287.0
Maruti,2014,131214,Diesel,Manual,Second,257493.0
Volkswagen,2019,63386,Diesel,Manual,First,410553.0
Hyundai,2022,59777,Petrol,Automatic,First,492496.0
Hyundai,2007,132694,CNG,Automatic,First,113938.0
Kia,2016,119085,Diesel,Automatic,First,465361.0
Hyundai,2022,116487,Diesel,Manual,First,526558.0
Renault,2007,131452,Petrol,Manual,First,76323.0
Volkswagen,2015,165727,Petrol,Automatic,Second,223455.0
Renault,2020,141148,Petrol,Automatic,Second,347671.0
Ford,2017,20827,Petrol,Manual,First,348223.0
Hyundai,2022,146461,CNG,Manual,First,447019.0
Renault,2008,14040,Diesel,Manual,Second,73768.0
Renault,2017,122097,CNG,Automatic,Second,323398.0
Tata,2013,12026,Petrol,Manual,Second,221376.0
Renault,2009,20054,Petrol,Automatic,First,150052.0
Mahindra,2006,129233,Diesel,Manual,First,109260.0
Renault,2024,43348,Diesel,Manual,First,498442.0
Mahindra,2012,176504,Diesel,Manual,First,234186.0
Kia,2014,48450,Petrol,Manual,Second,263894.0
Hyundai,2013,169604,Petrol,Manual,First,300421.0
Hyundai,2007,175346,Petrol,Manual,First,93547.0
Kia,2013,116060,Petrol,Manual,First,235752.0
Maruti,2013,166079,Petrol,Manual,First,185182.0
Mahindra,2012,104010,Diesel,Manual,First,232843.0
Mahindra,2019,64972,Petrol,Manual,First,413017.0
Mahindra,2021,133923,CNG,Manual,First,403863.0
Toyota,2022,48036,Diesel,Manual,First,595924.0
Renault,2022,152348,Petrol,Manual,First,446993.0
Volkswagen,2006,16644,Petrol,Automatic,Second,119409.0
Honda,2019,31882,Petrol,Manual,Third,425512.0
Volkswagen,2017,83676,Petrol,Manual,Second,285817.0
Toyota,2023,117155,Petrol,Manual,First,530417.0
Renault,2005,78106,CNG,Manual,Second,35000.0
Mahindra,2018,29779,Petrol,Manual,Second,356509.0
Tata,2013,88950,Petrol,Manual,Second,209368.0
Hyundai,2017,45749,Petrol,Manual,First,335831.0
Honda,2010,52052,Diesel,Manual,Second,179475.0
Ford,2020,138508,Petrol,Manual,First,389154.0
Tata,2006,62943,Diesel,Automatic,First,106110.0
Hyundai,2011,107746,Petrol,Manual,First,168413.0
Toyota,2022,8839,CNG,Manual,First,596678.0
Honda,2011,38530,CNG,Manual,First,190986.0
Maruti,2005,104141,Petrol,Manual,Second,35000.0
Renault,2021,113562,Diesel,Automatic,Second,355188.0
Volkswagen,2014,114089,Diesel,Manual,Second,193310.0
Kia,2017,101793,CNG,Automatic,First,457172.0
Volkswagen,2018,174811,Petrol,Manual,First,321234.0
Renault,2024,90697,Petrol,Automatic,First,479763.0
Maruti,2024,118721,Diesel,Automatic,Third,467712.0
Maruti,2009,11469,Petrol,Manual,Second,77499.0
Volkswagen,2012,119979,Diesel,Automatic,Second,211064.0
Hyundai,2023,46043,Diesel,Manual,First,505578.0
Maruti,2017,97856,Petrol,Automatic,Second,273266.0
Mahindra,2013,154236,Diesel,Manual,First,241778.0
Honda,2011,25046,Diesel,Manual,First,284343.0
Tata,2013,130586,CNG,Manual,First,220242.0
Mahindra,2021,25885,CNG,Manual,First,471470.0
Honda,2014,165177,Petrol,Manual,First,293697.0
Maruti,2014,102091,Petrol,Manual,First,251998.0
Kia,2022,172861,Petrol,Manual,Second,367987.0
Toyota,2020,103082,CNG,Manual,Second,469483.0
Maruti,2017,119351,Petrol,Manual,First,413199.0
Mahindra,2010,15609,Diesel,Automatic,First,264883.0
Mahindra,2023,179072,Diesel,Automatic,Second,440928.0
Mahindra,2018,34959,Petrol,Manual,Third,306806.0
Hyundai,2023,80770,CNG,Manual,First,414941.0
Maruti,2005,105124,Petrol,Manual,First,37783.0
Ford,2022,24530,Petrol,Manual,First,479700.0
Toyota,2012,90839,Petrol,Manual,First,262704.0
Hyundai,2008,5215,Petrol,Manual,First,148048.0
Renault,2015,86765,Petrol,Manual,First,214853.0
Toyota,2022,124570,Petrol,Automatic,First,506954.0
Volkswagen,2009,156194,Petrol,Manual,First,135753.0
Kia,2006,6620,Petrol,Manual,Second,131943.0
Mahindra,2008,20550,Diesel,Automatic,First,226003.0
Tata,2015,113345,Diesel,Automatic,First,306255.0
Tata,2008,102463,Diesel,Automatic,First,119982.0
Mahindra,2007,60719,Diesel,Manual,First,164470.0
Maruti,2020,149073,Petrol,Manual,First,372830.0
Renault,2018,131907,Diesel,Manual,Second,347062.0
Hyundai,2019,46349,Petrol,Manual,First,413282.0
Honda,2007,178560,Petrol,Automatic,First,119261.0
Renault,2005,105221,Diesel,Manual,Second,35000.0
Tata,2019,13840,Petrol,Manual,Second,357277.0
Mahindra,2016,14084,Petrol,Automatic,First,337917.0
Mahindra,2008,101869,Diesel,Automatic,First,162774.0
Kia,2012,130582,Petrol,Manual,First,225987.0
Tata,2012,96040,Petrol,Automatic,First,238811.0
Hyundai,2013,87039,CNG,Manual,First,213475.0
Renault,2011,87215,Diesel,Manual,First,233588.0
Volkswagen,2019,119235,Diesel,Manual,First,384552.0
Renault,2018,156475,Petrol,Manual,Second,260170.0
Kia,2020,41810,Petrol,Manual,Second,426208.0
Toyota,2017,60848,Diesel,Manual,First,435865.0
Tata,2017,93248,Petrol,Manual,First,333650.0
Toyota,2011,33502,Petrol,Automatic,First,260799.0
Volkswagen,2018,87753,Diesel,Manual,First,336943.0
Maruti,2014,96352,Petrol,Manual,First,290517.0
Ford,2014,47830,Petrol,Manual,First,252961.0
Toyota,2011,138840,CNG,Automatic,Third,141552.0
Maruti,2022,108005,Petrol,Manual,First,365879.0
Volkswagen,2021,153014,Petrol,Manual,First,404124.0
Renault,2017,23666,Diesel,Automatic,First,319679.0
Hyundai,2021,75849,Diesel,Manual,Third,446839.0
Renault,2020,45759,Petrol,Manual,Second,329046.0
Maruti,2018,77374,Petrol,Manual,Second,372511.0
Mahindra,2013,98601,Petrol,Manual,First,220102.0
Maruti,2006,160398,Petrol,Manual,First,67155.0
Tata,2020,149455,Petrol,Manual,Third,332960.0
Hyundai,2021,171810,Diesel,Manual,First,471931.0
Hyundai,2008,71523,CNG,Manual,First,181123.0
Mahindra,2024,75078,Petrol,Automatic,Second,367281.0
Tata,2015,69903,Petrol,Automatic,First,285707.0
Maruti,2023,64920,Diesel,Automatic,Second,540816.0
Kia,2020,41861,Petrol,Manual,First,418839.0
Renault,2010,54156,Petrol,Manual,First,153954.0
Toyota,2006,91929,CNG,Manual,Second,148246.0
Ford,2011,120491,Petrol,Automatic,First,191475.0
Ford,2016,20871,Diesel,Manual,First,348908.0
Honda,2019,136183,Petrol,Manual,First,454196.0
Toyota,2024,130038,Diesel,Manual,First,621227.0
Volkswagen,2016,94063,Petrol,Manual,First,299393.0
Tata,2023,86264,Petrol,Manual,Second,421276.0
Toyota,2019,121009,Petrol,Manual,Second,354349.0
Honda,2005,136468,Diesel,Manual,First,74541.0
Honda,2010,54616,CNG,Manual,First,138745.0
Kia,2018,139591,Diesel,Manual,Second,398925.0
Mahindra,2019,175822,Diesel,Manual,First,389688.0
Ford,2012,173428,Petrol,Automatic,Second,112085.0
Volkswagen,2022,100295,Diesel,Manual,First,457087.0
Kia,2014,172029,Diesel,Automatic,Second,266808.0
Hyundai,2009,138453,Petrol,Manual,Second,111086.0
Honda,2014,58441,Diesel,Manual,First,311322.0
Mahindra,2010,155599,Petrol,Manual,Second,165788.0
Hyundai,2008,46041,Diesel,Manual,First,111519.0
Kia,2010,38703,Petrol,Manual,Third,182851.0
Maruti,2008,115715,Petrol,Automatic,First,136835.0
Tata,2009,121104,Diesel,Manual,First,131384.0
Mahindra,2007,47639,Diesel,Manual,Third,90676.0
Ford,2007,21659,CNG,Manual,First,122563.0
Maruti,2019,41746,Diesel,Manual,Second,330188.0
Kia,2023,148715,Petrol,Automatic,Second,437082.0
Renault,2013,43842,Petrol,Automatic,First,238326.0
Honda,2011,98422,Petrol,Manual,First,214251.0
Maruti,2006,22295,Diesel,Automatic,First,126329.0
Honda,2006,155640,Petrol,Automatic,First,96422.0
Volkswagen,2021,100479,Petrol,Automatic,First,449980.0
Toyota,2019,86318,Petrol,Manual,Second,447532.0
Maruti,2012,137952,Petrol,Manual,Second,165297.0
Renault,2018,178317,Diesel,Manual,First,329985.0
Kia,2007,171770,Diesel,Manual,First,120319.0
Honda,2023,55589,Diesel,Manual,Second,562272.0
Maruti,2019,86224,Petrol,Manual,First,384318.0
Honda,2010,78264,Diesel,Manual,First,237773.0
Mahindra,2020,28148,Petrol,Manual,Second,418143.0
Maruti,2012,5186,Diesel,Manual,First,261406.0
Tata,2009,21634,Petrol,Automatic,First,249760.0
Tata,2014,107509,Diesel,Manual,First,230308.0
Tata,2008,23313,Petrol,Manual,Second,70942.0
Honda,2011,68132,Petrol,Manual,First,215080.0
Renault,2006,145196,CNG,Manual,First,35000.0
Tata,2014,113424,Diesel,Automatic,Second,262089.0
Kia,2007,30066,Petrol,Manual,First,138196.0
Kia,2006,105950,Petrol,Automatic,First,131124.0
Toyota,2021,145926,Diesel,Manual,First,538940.0
Volkswagen,2024,23074,Diesel,Manual,First,585187.0
Ford,2022,145118,CNG,Automatic,First,384984.0
Kia,2010,83933,Petrol,Manual,First,191144.0
Toyota,2016,174791,Petrol,Manual,First,403044.0
Renault,2024,73091,Diesel,Automatic,First,496349.0
Kia,2009,174865,Diesel,Manual,First,230770.0
Hyundai,2021,73684,Diesel,Manual,First,527124.0
Mahindra,2023,164850,Petrol,Automatic,Second,371754.0
Tata,2009,86507,Diesel,Manual,Second,188441.0
Mahindra,2005,153906,Petrol,Manual,Second,35000.0
Honda,2009,98885,CNG,Automatic,First,158570.0
Renault,2024,173377,Petrol,Manual,Second,436904.0
Ford,2009,103768,Diesel,Manual,First,130631.0
Hyundai,2024,27534,Diesel,Automatic,First,594980.0
Maruti,2019,158008,Petrol,Manual,Second,293820.0
Ford,2005,114661,Petrol,Manual,First,57170.0
Kia,2024,96393,Petrol,Manual,First,507537.0
Kia,2009,94609,Petrol,Automatic,Third,125124.0
Kia,2016,119042,Diesel,Manual,First,381271.0
Mahindra,2022,40781,CNG,Automatic,First,477320.0
Mahindra,2015,57808,Petrol,Automatic,Second,296843.0
Renault,2023,5828,Petrol,Manual,Second,425773.0
Volkswagen,2019,74515,Petrol,Automatic,First,396866.0
Honda,2013,94869,CNG,Manual,Second,260228.0
Hyundai,2015,150253,Diesel,Automatic,First,332678.0
Mahindra,2024,57535,Petrol,Automatic,Third,493500.0
Tata,2020,89514,Petrol,Manual,First,450062.0
Maruti,2014,131673,Diesel,Manual,Third,230573.0
Toyota,2006,11155,Petrol,Automatic,First,192043.0
Kia,2008,121247,CNG,Manual,First,146059.0
Hyundai,2023,16082,Diesel,Automatic,First,554546.0
Honda,2008,144366,Diesel,Manual,Second,154936.0
Hyundai,2007,65882,Petrol,Manual,Third,35000.0
Volkswagen,2006,61977,Petrol,Manual,First,90513.0
Hyundai,2008,122749,Petrol,Automatic,First,131238.0
Hyundai,2013,138528,Petrol,Manual,First,234750.0
Honda,2023,81416,Petrol,Manual,First,528568.0
Mahindra,2024,133438,Petrol,Manual,First,584702.0
Tata,2005,87075,Petrol,Manual,Second,35000.0
Volkswagen,2022,135831,Petrol,Manual,Second,402710.0
Tata,2011,65842,Diesel,Automatic,First,252020.0
Renault,2018,115091,Petrol,Automatic,First,298221.0
Toyota,2016,135410,Petrol,Manual,Second,328992.0
Honda,2007,133177,Petrol,Automatic,First,193088.0
Toyota,2012,55982,Diesel,Automatic,Second,274754.0
Toyota,2015,136473,Petrol,Manual,First,334758.0
Volkswagen,2012,27273,Diesel,Manual,First,270571.0
Volkswagen,2016,106776,Diesel,Manual,Second,262971.0
Hyundai,2011,68141,Petrol,Manual,First,210685.0
Toyota,2008,35570,Petrol,Manual,First,251964.0
Kia,2022,69622,Diesel,Automatic,First,532690.0
Renault,2009,9141,CNG,Manual,Second,96481.0
Toyota,2015,143504,Petrol,Manual,First,375684.0
Tata,2014,91088,Diesel,Manual,Second,307158.0
Hyundai,2019,44406,Diesel,Automatic,Second,395659.0
Toyota,2020,33057,Petrol,Manual,First,501139.0
Kia,2013,65312,Petrol,Manual,First,265748.0
Kia,2016,115142,Petrol,Automatic,Second,294653.0
Honda,2019,35705,Petrol,Automatic,First,423994.0
Renault,2021,179863,Petrol,Manual,Third,292116.0
Kia,2005,80242,Petrol,Automatic,Second,66870.0
Renault,2013,134128,Petrol,Manual,First,126582.0
Honda,2022,11762,Petrol,Automatic,First,528058.0
Volkswagen,2009,64216,Petrol,Manual,First,139507.0
Volkswagen,2013,88897,Diesel,Manual,Third,184392.0
Tata,2022,119205,CNG,Manual,Second,397932.0
Tata,2024,22112,Petrol,Manual,First,541707.0
Volkswagen,2014,38641,CNG,Automatic,First,292802.0
Honda,2007,49577,CNG,Manual,First,79941.0
Toyota,2007,115605,Petrol,Manual,Second,152671.0
Toyota,2008,41913,Diesel,Automatic,First,269715.0
Renault,2023,155195,Petrol,Manual,Second,391741.0
Hyundai,2007,141646,Diesel,Manual,Second,60541.0
Volkswagen,2023,177293,Diesel,Automatic,First,515960.0
Toyota,2024,46709,Petrol,Manual,First,576758.0
Kia,2015,173176,Petrol,Automatic,Second,269308.0
Toyota,2020,37992,CNG,Automatic,Second,564386.0
Toyota,2020,73648,Diesel,Manual,Third,397065.0
Ford,2016,77165,Petrol,Automatic,First,261375.0
Renault,2022,89009,Petrol,Automatic,First,487116.0
Kia,2010,120234,Petrol,Manual,Second,137702.0
Tata,2021,110950,Petrol,Manual,Second,387174.0
Tata,2021,74376,Petrol,Automatic,First,404831.0
Volkswagen,2023,44075,Diesel,Manual,First,501594.0
Volkswagen,2020,47997,Petrol,Automatic,Second,402591.0
Volkswagen,2009,70025,Petrol,Manual,First,162685.0
Maruti,2011,40268,Diesel,Manual,First,227153.0
Kia,2022,51044,CNG,Automatic,First,550886.0
Hyundai,2010,42060,Petrol,Manual,Third,140998.0
Hyundai,2006,10268,Diesel,Manual,Second,87028.0
Toyota,2013,159380,Petrol,Manual,First,333010.0
Tata,2017,34375,Petrol,Automatic,First,356398.0
Volkswagen,2020,48111,Petrol,Manual,Second,359410.0
Volkswagen,2021,159270,Petrol,Manual,Second,346370.0
Kia,2007,56628,Petrol,Manual,Second,184247.0
Ford,2016,32146,Petrol,Manual,Second,246660.0
Volkswagen,2017,17962,Petrol,Manual,First,330131.0
Volkswagen,2013,150688,Petrol,Automatic,First,244300.0
Mahindra,2024,87697,Diesel,Automatic,First,563310.0
Ford,2014,117357,Diesel,Manual,First,173173.0
Toyota,2015,166294,Petrol,Automatic,First,375340.0
Honda,2014,79546,Petrol,Manual,First,290019.0
Volkswagen,2015,133356,Diesel,Manual,Third,186821.0
Ford,2005,75298,Petrol,Manual,First,39137.0
Honda,2008,45368,Petrol,Automatic,Second,72134.0
Honda,2023,146225,Petrol,Manual,First,479034.0
Maruti,2020,178866,Petrol,Manual,Second,364686.0
Honda,2024,61426,Petrol,Automatic,First,594462.0
Tata,2009,177483,CNG,Automatic,First,93099.0
Mahindra,2024,116457,Diesel,Manual,Second,474679.0
Renault,2018,136105,Petrol,Manual,First,271038.0
Tata,2011,177444,Petrol,Automatic,First,166759.0
Hyundai,2024,60363,Diesel,Manual,First,563313.0
Mahindra,2008,166547,Petrol,Automatic,First,77811.0
Ford,2009,82820,Petrol,Automatic,Second,108001.0
Hyundai,2013,100927,CNG,Manual,First,280221.0
Hyundai,2021,120497,Diesel,Automatic,First,498985.0
Tata,2019,166167,Petrol,Manual,First,407600.0
Toyota,2014,129496,Petrol,Manual,First,341549.0
Renault,2005,96358,Diesel,Manual,First,35000.0
Hyundai,2018,47974,Petrol,Manual,First,370899.0
Renault,2005,29446,CNG,Manual,Third,35000.0
Mahindra,2011,166868,Petrol,Automatic,Third,118843.0
Kia,2024,45709,Diesel,Manual,Second,578034.0
Tata,2023,112578,Diesel,Manual,Second,407694.0
Volkswagen,2013,128004,Diesel,Manual,First,209305.0
Hyundai,2023,174655,Petrol,Manual,First,451985.0
Kia,2019,108795,Diesel,Manual,Second,395020.0
Volkswagen,2008,154051,Diesel,Automatic,First,97727.0
Kia,2009,117701,Petrol,Manual,Second,101517.0
Tata,2011,17467,Diesel,Manual,First,210522.0
Mahindra,2014,132972,Diesel,Manual,Third,178426.0
Toyota,2008,25282,Petrol,Manual,First,198206.0
Maruti,2022,28222,Petrol,Manual,First,506848.0
Honda,2015,96328,Petrol,Manual,First,346120.0
Hyundai,2010,137951,Petrol,Manual,First,171828.0
Maruti,2020,146802,Petrol,Manual,First,399967.0
Toyota,2012,137387,Petrol,Manual,Second,258122.0
Kia,2011,8897,Diesel,Manual,Second,232949.0
Kia,2017,52165,CNG,Manual,First,406498.0
Volkswagen,2015,30680,CNG,Manual,First,351790.0
Toyota,2011,94678,Petrol,Automatic,First,291346.0
Kia,2019,170447,Petrol,Manual,First,418138.0
Mahindra,2010,132808,CNG,Manual,First,120830.0
Hyundai,2008,83444,Diesel,Manual,First,201087.0
Hyundai,2010,44683,Petrol,Manual,First,221491.0
Tata,2019,124006,Diesel,Manual,First,414419.0
Volkswagen,2008,58106,Petrol,Manual,Second,111522.0
Maruti,2010,42420,Petrol,Manual,First,226989.0
Honda,2023,171694,Diesel,Manual,Second,444808.0
Hyundai,2009,111143,Diesel,Automatic,First,197984.0
Mahindra,2019,24558,Petrol,Manual,First,417010.0
Ford,2006,167341,Petrol,Manual,First,35000.0
Maruti,2010,149291,Petrol,Manual,First,154108.0
Toyota,2024,64326,Petrol,Manual,First,600961.0
Kia,2011,109911,CNG,Manual,First,206801.0
Maruti,2005,140439,Diesel,Automatic,First,76370.0
Renault,2020,129997,Petrol,Automatic,First,445423.0
Maruti,2013,139765,Diesel,Manual,Second,184353.0
Ford,2006,145498,Diesel,Manual,First,71107.0
Ford,2022,12430,Petrol,Manual,First,466217.0
Honda,2013,37394,Diesel,Manual,First,311582.0
Tata,2006,78105,Petrol,Manual,First,55674.0
Tata,2010,101463,Diesel,Manual,Third,74300.0
Mahindra,2014,174328,Petrol,Manual,First,261383.0
Mahindra,2021,58082,Petrol,Automatic,First,487212.0
Honda,2012,131182,Diesel,Automatic,First,278479.0
Honda,2006,56604,Diesel,Manual,Third,48737.0
Honda,2010,37545,Diesel,Manual,First,219732.0
Hyundai,2011,129754,CNG,Manual,Second,169648.0
Kia,2020,166412,Petrol,Automatic,Third,328182.0
Toyota,2006,62087,Petrol,Manual,First,175859.0
Tata,2022,49328,Petrol,Manual,Second,496455.0
Ford,2019,107974,Petrol,Automatic,Second,335055.0
Renault,2014,28882,Petrol,Manual,First,229170.0
Toyota,2011,87052,Petrol,Manual,First,269833.0
Toyota,2011,114716,Petrol,Manual,Second,225469.0
Mahindra,2012,55723,CNG,Manual,Second,210487.0
Volkswagen,2012,15275,Diesel,Automatic,First,343353.0
Mahindra,2013,82650,Petrol,Automatic,First,250828.0
Mahindra,2021,157138,Diesel,Automatic,Second,378228.0
Maruti,2017,12851,Diesel,Manual,Second,348593.0
Maruti,2014,78538,Petrol,Manual,First,234330.0
Renault,2008,91594,Diesel,Manual,First,160718.0
Mahindra,2008,128932,Petrol,Manual,First,65366.0
Maruti,2017,112932,Petrol,Automatic,Third,251904.0
Honda,2009,87537,Petrol,Manual,First,186622.0
Mahindra,2014,56236,Diesel,Automatic,First,330842.0
Volkswagen,2005,36623,Petrol,Manual,Second,35000.0
Kia,2012,112706,Petrol,Manual,First,283728.0
Toyota,2010,50977,Petrol,Manual,First,194242.0
Mahindra,2024,150625,Petrol,Automatic,First,531850.0
Honda,2006,125708,Petrol,Manual,First,109407.0
Maruti,2022,127061,Diesel,Manual,Second,454811.0
Volkswagen,2024,155945,Petrol,Manual,First,454947.0
Honda,2021,133622,Petrol,Manual,Second,473979.0
Renault,2005,92615,Petrol,Automatic,First,91271.0
Renault,2024,22194,Diesel,Manual,First,538072.0
Toyota,2006,69151,Petrol,Manual,First,162282.0
Toyota,2015,156353,Petrol,Automatic,First,373899.0
Kia,2014,126425,Petrol,Manual,First,278340.0
Volkswagen,2021,56710,CNG,Manual,Second,430391.0
Toyota,2021,108623,Petrol,Manual,First,475298.0
Honda,2020,174950,Petrol,Manual,First,436820.0
Ford,2009,143647,Diesel,Automatic,First,153286.0
Honda,2020,135587,Petrol,Automatic,Second,364681.0
Hyundai,2014,77959,Petrol,Manual,First,267481.0
Maruti,2015,28972,CNG,Manual,First,306712.0
Hyundai,2021,21963,Diesel,Manual,Second,443464.0
Volkswagen,2023,50867,Diesel,Manual,First,497627.0
Hyundai,2023,127022,Diesel,Manual,First,499778.0
Kia,2024,71507,Petrol,Manual,First,522057.0
Maruti,2021,105024,Petrol,Manual,First,414780.0
Volkswagen,2005,113750,Diesel,Automatic,Second,56759.0
Volkswagen,2005,111084,Petrol,Manual,Second,35000.0
Maruti,2007,62925,Diesel,Manual,Second,121713.0
Kia,2012,108854,Petrol,Manual,Second,143025.0
Mahindra,2016,69742,Petrol,Manual,First,371365.0
Kia,2008,70342,Petrol,Manual,First,205456.0
Renault,2023,11489,Petrol,Automatic,Second,421915.0
Hyundai,2008,75374,CNG,Automatic,First,121874.0
Honda,2006,117425,Diesel,Manual,First,100391.0
Tata,2020,171336,Petrol,Manual,Third,256207.0
Mahindra,2021,14827,Diesel,Manual,First,424772.0
Volkswagen,2010,21931,Diesel,Manual,First,188386.0
Honda,2009,179095,Petrol,Manual,First,149254.0
Tata,2010,164635,CNG,Automatic,Second,116594.0
Ford,2008,99192,Diesel,Manual,First,183837.0
Hyundai,2023,107480,Petrol,Manual,First,491355.0
Tata,2020,5000,Petrol,Manual,First,433321.0
Tata,2005,174738,Petrol,Manual,First,96456.0
Ford,2008,24087,CNG,Manual,Second,98650.0
Honda,2009,50917,Petrol,Manual,Second,197966.0
Mahindra,2014,48423,Diesel,Manual,First,370242.0
Maruti,2014,119624,Petrol,Manual,Second,262980.0
Mahindra,2024,69776,Diesel,Manual,Second,491189.0
Toyota,2010,151334,Petrol,Manual,First,269455.0
Hyundai,2006,40805,Petrol,Manual,Second,61035.0
Renault,2020,119199,Petrol,Automatic,First,416362.0
Kia,2007,168928,CNG,Manual,Second,96505.0
Tata,2019,136855,Petrol,Manual,First,384699.0
Toyota,2005,14039,Diesel,Automatic,First,207124.0
Hyundai,2006,52449,Petrol,Automatic,Second,82780.0
Renault,2014,66425,CNG,Manual,Third,121790.0
Volkswagen,2007,78936,Petrol,Manual,First,125138.0
Tata,2016,108035,Diesel,Manual,First,295875.0
Ford,2009,86270,Diesel,Manual,Second,100350.0
Mahindra,2009,178594,Diesel,Manual,Second,153206.0
Maruti,2023,144781,Diesel,Automatic,First,528625.0
Volkswagen,2018,73862,Petrol,Automatic,First,319382.0
Volkswagen,2015,23539,Diesel,Manual,First,373731.0
Tata,2009,37058,Diesel,Automatic,First,150561.0
Toyota,2012,86772,Petrol,Manual,First,276469.0
Mahindra,2017,44645,Petrol,Automatic,Second,312754.0
Mahindra,2018,145100,Petrol,Manual,First,402926.0
Honda,2022,68023,Diesel,Manual,First,481714.0
Maruti,2012,71728,CNG,Automatic,First,285307.0
Maruti,2022,100041,Petrol,Automatic,Second,449589.0
Volkswagen,2005,72876,Diesel,Manual,Second,89092.0
Hyundai,2021,66666,Diesel,Automatic,First,424243.0
Kia,2005,155598,Petrol,Automatic,First,54940.0
Mahindra,2009,95455,Diesel,Manual,First,163296.0
Renault,2010,134642,Petrol,Manual,Second,86218.0
Honda,2020,128823,Diesel,Manual,First,465759.0
Maruti,2020,36766,Diesel,Manual,First,464125.0
Hyundai,2015,98373,Diesel,Manual,Second,221527.0
Volkswagen,2020,37665,Petrol,Manual,Second,338165.0
Maruti,2014,23961,Diesel,Automatic,Second,314735.0
Mahindra,2015,122976,Diesel,Automatic,First,289726.0
Maruti,2015,9692,CNG,Manual,Second,285909.0
Honda,2021,178425,Diesel,Automatic,First,472287.0
Toyota,2008,110398,Diesel,Manual,First,222340.0
Volkswagen,2014,25465,Diesel,Manual,First,314139.0
Ford,2007,46785,Petrol,Automatic,First,175473.0
Tata,2019,18149,CNG,Automatic,First,422295.0
Toyota,2019,153795,Diesel,Automatic,Third,438508.0
Tata,2017,15728,Petrol,Manual,First,398570.0
Hyundai,2016,144523,Petrol,Manual,Second,225933.0
Tata,2013,11990,Diesel,Manual,First,241248.0
Kia,2005,23988,Petrol,Manual,First,88018.0
Kia,2024,176632,Petrol,Manual,Second,410730.0
Honda,2019,27639,Petrol,Manual,Second,412340.0
Kia,2012,117554,Petrol,Manual,First,234150.0
Tata,2017,71626,Petrol,Manual,First,357618.0
Mahindra,2022,45696,Diesel,Manual,First,483193.0
Renault,2006,59575,Petrol,Automatic,Third,35000.0
Hyundai,2024,80544,Petrol,Manual,First,540294.0
Hyundai,2019,96618,Petrol,Manual,First,360715.0
Honda,2010,167874,Diesel,Manual,First,148119.0
Honda,2005,159142,Petrol,Manual,First,59327.0
Hyundai,2007,33327,Petrol,Manual,First,73410.0
Maruti,2006,76641,CNG,Manual,First,75406.0
Mahindra,2022,176723,Diesel,Automatic,First,513772.0
Honda,2017,75640,Diesel,Manual,First,413197.0
Tata,2011,31114,Petrol,Manual,Third,134357.0
Kia,2024,76324,Diesel,Manual,First,549848.0
Hyundai,2008,122864,Petrol,Manual,Second,86202.0
Volkswagen,2014,53628,CNG,Manual,First,266953.0
Hyundai,2017,15498,Diesel,Manual,First,355028.0
Mahindra,2016,95017,Petrol,Manual,Second,298623.0
Volkswagen,2020,87563,Petrol,Manual,First,333481.0
Honda,2011,150838,Diesel,Manual,First,236427.0
Mahindra,2007,61770,CNG,Automatic,First,154137.0
Hyundai,2020,37879,CNG,Manual,First,452635.0
Toyota,2015,7066,CNG,Automatic,Third,278375.0
Mahindra,2009,135064,Petrol,Manual,First,123164.0
Kia,2008,105422,Petrol,Manual,First,198256.0
Mahindra,2008,168606,Diesel,Manual,Second,149123.0
Hyundai,2017,158142,Petrol,Manual,First,391478.0
Honda,2017,135460,Petrol,Manual,First,310099.0
Kia,2017,143401,Petrol,Manual,First,314847.0
Ford,2021,149315,Petrol,Automatic,First,451193.0
Tata,2017,108966,Diesel,Manual,Second,276856.0
Hyundai,2009,98473,Petrol,Automatic,First,167865.0
Tata,2014,138362,Petrol,Manual,Third,110785.0
Toyota,2018,106897,Petrol,Manual,Second,318307.0
Hyundai,2007,104877,Petrol,Manual,Second,35000.0
Toyota,2011,117096,Diesel,Manual,First,230531.0
Hyundai,2007,177438,Diesel,Manual,First,99354.0
Toyota,2019,162132,CNG,Automatic,First,434669.0
Ford,2011,117442,Petrol,Automatic,First,177572.0
Volkswagen,2023,9474,Diesel,Manual,First,536337.0
Mahindra,2021,42724,Diesel,Manual,First,478262.0
Toyota,2010,60917,Petrol,Manual,First,342092.0
Toyota,2006,83480,CNG,Automatic,Second,76112.0
Kia,2005,6997,Petrol,Manual,First,108297.0
Honda,2009,43841,Diesel,Automatic,Second,219525.0
Honda,2007,167731,Petrol,Manual,Second,35000.0
Hyundai,2012,173801,Petrol,Manual,First,202847.0
Kia,2014,169220,Petrol,Automatic,Second,251355.0
Mahindra,2006,123303,Diesel,Manual,Third,35000.0
Honda,2011,124186,Diesel,Manual,First,230094.0
Volkswagen,2008,32911,Petrol,Manual,First,159768.0
Toyota,2018,145433,Petrol,Manual,First,393838.0
Ford,2010,27553,CNG,Manual,Second,102668.0
Maruti,2018,126125,Diesel,Automatic,Second,350608.0
Maruti,2006,140958,Petrol,Manual,Third,35000.0
Renault,2012,52468,Diesel,Automatic,Second,243577.0
Toyota,2010,37163,Diesel,Manual,First,271783.0
Toyota,2005,89498,Petrol,Manual,Second,112237.0
Hyundai,2020,176890,Petrol,Manual,First,370118.0
Maruti,2024,45548,Petrol,Manual,First,567921.0
Hyundai,2018,122597,CNG,Manual,First,390110.0
Toyota,2019,134171,Petrol,Manual,Third,362678.0
Renault,2021,91014,Petrol,Manual,Second,392159.0
Hyundai,2008,30236,Petrol,Manual,First,123480.0
Honda,2014,127486,Petrol,Manual,First,293697.0
Kia,2017,104544,Diesel,Automatic,Second,380486.0
Renault,2015,167441,Petrol,Manual,First,202046.0
Toyota,2013,114705,Diesel,Automatic,First,346671.0
Honda,2022,135882,Petrol,Manual,First,487549.0
Renault,2012,99358,Diesel,Manual,First,220672.0
Tata,2024,123505,Diesel,Manual,First,604990.0
Mahindra,2008,28090,Petrol,Manual,First,172145.0
Honda,2009,54851,Petrol,Automatic,First,184760.0
Honda,2012,142671,Petrol,Manual,First,266529.0
Toyota,2017,158899,CNG,Manual,First,419101.0
Maruti,2014,123085,Diesel,Manual,First,296385.0
Maruti,2008,12520,Diesel,Manual,First,120322.0
Honda,2006,16173,Petrol,Automatic,Third,47772.0
Toyota,2023,172944,Diesel,Manual,Second,491579.0
Tata,2016,36427,Petrol,Manual,First,315344.0
Maruti,2014,10881,Petrol,Manual,Second,245365.0
Tata,2010,28924,Petrol,Manual,First,139652.0
Mahindra,2019,106329,Petrol,Automatic,Second,306822.0
Tata,2014,155819,Petrol,Automatic,First,256942.0
Maruti,2022,179896,Petrol,Manual,First,483279.0
Maruti,2019,61117,CNG,Automatic,First,452849.0
Tata,2013,56081,Diesel,Manual,First,278138.0
Maruti,2006,62183,Petrol,Manual,Second,35000.0
Kia,2009,153202,Diesel,Manual,First,220790.0
Honda,2013,89517,Petrol,Manual,First,242675.0
Mahindra,2011,96816,Petrol,Manual,First,185853.0
Hyundai,2022,70471,Petrol,Manual,Second,401802.0
Renault,2007,108184,Petrol,Manual,First,35000.0
Toyota,2020,9093,Petrol,Manual,First,578117.0
Hyundai,2016,123639,Petrol,Manual,First,266875.0
Toyota,2018,26964,Petrol,Manual,Second,428079.0
Maruti,2012,82182,Petrol,Automatic,First,237569.0
Tata,2022,132008,Petrol,Automatic,First,491637.0
Hyundai,2005,55180,CNG,Manual,First,37029.0
Mahindra,2022,173935,CNG,Manual,First,447179.0
Honda,2012,127260,Petrol,Automatic,Third,187363.0
Hyundai,2024,132695,Diesel,Manual,First,555391.0
Tata,2013,96599,Diesel,Automatic,First,274753.0
Mahindra,2023,158201,Petrol,Manual,First,461528.0
Tata,2015,14516,Petrol,Manual,Second,292099.0
Renault,2010,16328,Diesel,Manual,Second,153757.0
Toyota,2011,31983,Petrol,Automatic,Third,245664.0
Mahindra,2015,132271,Diesel,Automatic,First,369768.0
Kia,2008,103339,Petrol,Manual,First,166474.0
Hyundai,2011,138280,Petrol,Manual,Second,134840.0
Ford,2005,123837,Petrol,Automatic,Second,35000.0
Maruti,2020,116983,Petrol,Automatic,Second,341790.0
Maruti,2008,162903,Diesel,Manual,Second,72299.0
Honda,2005,72633,Diesel,Automatic,First,106878.0
Volkswagen,2014,59313,Petrol,Manual,First,298058.0
Mahindra,2024,70632,Petrol,Automatic,Second,510362.0
Honda,2010,103751,Diesel,Automatic,First,259638.0
Volkswagen,2013,39838,Diesel,Automatic,First,295840.0
Mahindra,2024,154793,Petrol,Automatic,Second,471760.0
Toyota,2017,64500,Diesel,Manual,First,447640.0
Kia,2017,117852,Diesel,Manual,Second,358616.0
Honda,2019,86218,CNG,Manual,Third,372532.0
Renault,2013,165809,Diesel,Manual,First,217447.0
Mahindra,2020,97381,Diesel,Manual,First,441077.0
Ford,2024,80656,Petrol,Automatic,First,489350.0
Maruti,2007,176302,Petrol,Manual,Second,51826.0
Volkswagen,2017,44951,Petrol,Manual,Second,335643.0
Renault,2016,99579,Petrol,Manual,First,304336.0
Hyundai,2024,179588,Diesel,Automatic,First,472446.0
Mahindra,2007,30850,Petrol,Automatic,First,167504.0
Tata,2015,113970,Diesel,Manual,Second,284657.0
Kia,2015,56329,Diesel,Automatic,First,405627.0
Hyundai,2009,58685,Petrol,Manual,First,157350.0
Toyota,2020,109670,Diesel,Manual,Second,497682.0
Ford,2005,139004,Petrol,Automatic,Second,35000.0
Toyota,2020,178646,Petrol,Automatic,First,499939.0
Honda,2006,62412,Petrol,Manual,Third,35000.0
Tata,2021,46762,Petrol,Manual,First,467025.0
Volkswagen,2013,168721,Petrol,Manual,First,272897.0
Ford,2005,67454,Petrol,Manual,Second,48056.0
Tata,2016,126543,Petrol,Manual,Third,236320.0
Honda,2012,47952,Petrol,Automatic,Second,247975.0
Honda,2020,159903,Diesel,Manual,First,475544.0
Mahindra,2018,95453,Petrol,Manual,First,407638.0
Honda,2006,42912,Petrol,Manual,First,140610.0
Hyundai,2021,120186,Petrol,Automatic,First,447595.0
Tata,2010,48236,Petrol,Manual,First,209345.0
Toyota,2022,138354,Petrol,Manual,First,522151.0
Honda,2015,15025,CNG,Automatic,Second,271378.0
Tata,2009,48751,Petrol,Manual,First,166215.0
Renault,2022,67988,Petrol,Manual,Second,394508.0
Toyota,2017,70321,Diesel,Manual,First,532743.0
Kia,2005,34925,Petrol,Manual,First,193447.0
Kia,2013,69802,Diesel,Manual,First,251991.0
Volkswagen,2017,21145,Diesel,Manual,First,360953.0
Maruti,2015,89600,Petrol,Automatic,First,339490.0
Mahindra,2024,124753,Petrol,Manual,Second,439114.0
Volkswagen,2006,159324,Diesel,Automatic,Third,35000.0
Renault,2022,154131,Diesel,Automatic,Third,333830.0
Ford,2021,33970,Petrol,Automatic,First,497903.0
Renault,2020,144887,Petrol,Manual,Second,300977.0
Kia,2024,42069,Diesel,Manual,First,630397.0
Tata,2009,49628,Diesel,Manual,First,196934.0
Renault,2019,9746,Petrol,Manual,Second,343032.0
Volkswagen,2022,158369,Petrol,Manual,First,381954.0
Volkswagen,2011,32671,Petrol,Manual,First,230621.0
Honda,2005,167373,CNG,Manual,First,35000.0
Maruti,2008,145563,Diesel,Manual,First,145074.0
Ford,2010,115363,CNG,Manual,Second,113046.0
Tata,2023,67183,Diesel,Manual,Second,392645.0
Tata,2018,19870,CNG,Manual,First,343470.0
Kia,2021,39106,Petrol,Manual,Second,419144.0
Maruti,2018,61834,Petrol,Manual,Second,317474.0
Volkswagen,2005,91030,Petrol,Manual,First,35000.0
Mahindra,2006,59667,Petrol,Manual,Second,51524.0
Kia,2008,112948,Diesel,Manual,First,224401.0
Volkswagen,2009,15779,Petrol,Manual,First,195498.0
Renault,2013,145069,Diesel,Manual,First,203497.0
Toyota,2015,131513,Petrol,Manual,Third,203122.0
Tata,2015,112418,Diesel,Manual,First,330526.0
Volkswagen,2006,81974,Petrol,Automatic,First,122291.0
Ford,2018,155879,Diesel,Manual,Third,240160.0
Ford,2012,133155,Petrol,Manual,First,195997.0
Toyota,2019,169127,Petrol,Manual,First,457494.0
Ford,2007,81568,Petrol,Manual,First,101011.0
Toyota,2019,6409,CNG,Manual,First,491458.0
Ford,2008,113519,Petrol,Manual,First,159545.0
Kia,2014,106783,Petrol,Manual,Third,189579.0
Toyota,2021,78252,CNG,Manual,First,512966.0
Kia,2019,106176,Diesel,Automatic,First,448855.0
Tata,2021,121080,Petrol,Automatic,Second,364143.0
Tata,2015,11670,Petrol,Manual,First,300595.0
Honda,2020,128352,Petrol,Manual,Second,381729.0
Mahindra,2015,97308,Diesel,Manual,First,361981.0
Mahindra,2010,72615,Petrol,Manual,First,194849.0
Tata,2012,140284,Petrol,Automatic,First,209885.0
Toyota,2006,41286,Petrol,Automatic,First,177635.0
Mahindra,2016,119117,Diesel,Manual,First,400649.0
Tata,2006,51121,Diesel,Manual,First,74260.0
Hyundai,2011,167282,Petrol,Manual,First,183673.0
Volkswagen,2011,41708,Diesel,Manual,First,188140.0
Kia,2006,115546,Diesel,Manual,First,88786.0
Ford,2007,170710,Petrol,Manual,First,35000.0
Honda,2007,178304,Petrol,Manual,First,86810.0
Maruti,2008,80615,CNG,Manual,First,175435.0
Maruti,2007,106226,Petrol,Manual,First,59670.0
Toyota,2024,119067,Petrol,Manual,First,496007.0
Maruti,2006,43197,Petrol,Manual,Third,57858.0
Mahindra,2022,176433,Petrol,Manual,First,433454.0
Maruti,2013,122001,Petrol,Manual,First,196539.0
Kia,2010,67495,Petrol,Manual,First,140109.0
Hyundai,2022,144555,Petrol,Manual,First,465573.0
Mahindra,2008,167709,Diesel,Manual,First,159426.0
Maruti,2005,173605,Diesel,Manual,First,35000.0
Volkswagen,2013,162914,CNG,Manual,Second,216858.0
Kia,2020,118337,Petrol,Manual,Second,386480.0
Maruti,2021,26703,Petrol,Automatic,First,519232.0
Tata,2012,161674,Diesel,Manual,Third,199699.0
Ford,2015,50464,Petrol,Manual,Second,212256.0
Ford,2009,36655,Petrol,Manual,Second,146179.0
Toyota,2008,56281,Petrol,Automatic,Third,100436.0
Hyundai,2024,136760,Diesel,Manual,Second,485448.0
Renault,2019,126662,Petrol,Manual,Second,331520.0
Hyundai,2023,179909,Petrol,Manual,Second,371558.0
Kia,2006,32342,Petrol,Manual,Second,56868.0
Mahindra,2014,86891,CNG,Manual,First,299261.0
Tata,2018,36173,Diesel,Automatic,First,422287.0
Toyota,2007,40053,Diesel,Manual,Second,159420.0
Mahindra,2013,56632,Diesel,Manual,Second,247854.0
Volkswagen,2018,173363,Diesel,Automatic,First,427329.0
Renault,2017,149854,Petrol,Automatic,First,265566.0
Renault,2020,66988,Petrol,Manual,Third,320779.0
Tata,2016,160231,CNG,Manual,First,308549.0
Volkswagen,2012,103036,CNG,Automatic,Second,163767.0
Hyundai,2007,94307,Petrol,Manual,Second,35000.0
Volkswagen,2015,35120,Petrol,Manual,First,310897.0
Tata,2015,88022,Petrol,Manual,First,299984.0
Honda,2010,177487,Petrol,Manual,First,193810.0
Tata,2006,6106,Petrol,Manual,First,103396.0
Honda,2023,116690,Diesel,Manual,Second,402124.0
Kia,2019,8396,Petrol,Manual,Third,329451.0
Kia,2013,57659,Petrol,Automatic,First,350318.0
Kia,2016,177524,Diesel,Automatic,First,336553.0
Tata,2018,65748,CNG,Automatic,First,386117.0
Kia,2008,17181,Petrol,Automatic,First,233122.0
Honda,2014,162820,Petrol,Manual,Second,201663.0
Ford,2022,22913,Diesel,Manual,First,532075.0
Volkswagen,2009,165240,Petrol,Manual,First,142272.0
Honda,2020,127372,Petrol,Manual,First,403566.0
Ford,2012,19455,Petrol,Automatic,Second,220914.0
Volkswagen,2011,7466,Petrol,Manual,Second,212212.0
Hyundai,2011,160406,Diesel,Manual,Third,86351.0
Toyota,2014,133155,Petrol,Manual,First,454282.0
Ford,2020,114565,Diesel,Automatic,First,424640.0
Tata,2015,130651,Diesel,Manual,First,306354.0
Toyota,2010,53031,Petrol,Manual,First,309867.0
Renault,2018,17363,Petrol,Automatic,First,332352.0
Renault,2005,132549,Petrol,Automatic,Second,35000.0
Tata,2011,79010,Diesel,Automatic,Third,105822.0
Renault,2021,27307,Diesel,Manual,First,462044.0
Renault,2023,154928,Diesel,Manual,First,539877.0
Hyundai,2010,141770,Diesel,Manual,Second,114169.0
Kia,2016,178998,Petrol,Manual,First,371434.0
Renault,2017,95630,Petrol,Manual,First,323539.0
Renault,2010,125410,Diesel,Automatic,First,163863.0
Hyundai,2014,40501,Diesel,Manual,Third,219236.0
Renault,2005,96062,Petrol,Automatic,First,90554.0
Kia,2020,82656,Diesel,Automatic,First,548354.0
Maruti,2023,101395,Petrol,Manual,First,493457.0
Volkswagen,2017,8126,Diesel,Automatic,First,428062.0
Renault,2011,16833,Diesel,Manual,First,221527.0
Mahindra,2014,144274,Diesel,Manual,First,240591.0
Mahindra,2006,46001,CNG,Automatic,Second,79817.0
Renault,2019,82661,Petrol,Manual,Second,304379.0
Honda,2014,161184,CNG,Manual,First,313536.0
Honda,2018,129299,Petrol,Manual,Third,269287.0
Volkswagen,2012,88183,Petrol,Manual,First,260310.0
Mahindra,2016,76075,Petrol,Manual,First,394200.0
Volkswagen,2019,39167,Petrol,Manual,First,369920.0
Tata,2022,42978,Diesel,Automatic,First,492885.0
Hyundai,2021,131024,Petrol,Automatic,First,434607.0
Toyota,2016,13572,Petrol,Manual,Second,390445.0
Ford,2021,141202,Diesel,Manual,First,457180.0
Mahindra,2020,163423,CNG,Manual,Second,361791.0
Ford,2014,69974,Diesel,Manual,First,275129.0
Maruti,2006,169234,Petrol,Manual,First,35000.0
Honda,2015,112378,Diesel,Manual,First,338115.0
Honda,2009,29944,Petrol,Manual,Second,171312.0
Volkswagen,2007,70100,Diesel,Automatic,First,163775.0
Toyota,2016,65650,Petrol,Manual,Second,349246.0
Kia,2016,24186,Petrol,Manual,First,388807.0
Renault,2014,27909,CNG,Manual,Second,210082.0
Ford,2009,63497,Diesel,Manual,Second,140219.0
Tata,2007,119368,Petrol,Automatic,First,114667.0
Toyota,2016,33968,CNG,Manual,Second,361859.0
Ford,2018,8355,Petrol,Manual,Second,284556.0
Ford,2022,46621,CNG,Manual,Second,391546.0
Honda,2021,129664,Diesel,Manual,Second,403287.0
Volkswagen,2020,55467,Petrol,Automatic,Third,401147.0
Honda,2015,6056,Petrol,Manual,First,307396.0
Tata,2006,139847,Petrol,Manual,First,52552.0
Toyota,2005,85307,Petrol,Manual,Second,132153.0
Volkswagen,2020,108072,Diesel,Manual,First,420687.0
Tata,2015,118075,Petrol,Automatic,First,338476.0
Kia,2015,77414,Diesel,Automatic,First,323467.0
Ford,2020,174176,Petrol,Manual,Second,270596.0
Renault,2017,119445,Petrol,Manual,Second,273006.0
Toyota,2014,22512,Petrol,Manual,Third,224878.0
Mahindra,2007,67215,CNG,Manual,Second,75037.0
Maruti,2010,43357,Diesel,Manual,Second,161361.0
Renault,2008,135568,Diesel,Manual,Second,145040.0
Honda,2020,179562,Petrol,Automatic,First,443899.0
Honda,2024,137129,Diesel,Manual,First,541698.0
Hyundai,2005,149561,Petrol,Automatic,First,35000.0
Renault,2023,18837,Petrol,Manual,Second,417890.0
Kia,2014,135337,Diesel,Automatic,First,345779.0
Hyundai,2006,117657,Petrol,Manual,Second,46317.0
Honda,2022,75629,CNG,Manual,First,459855.0
Tata,2005,74540,CNG,Automatic,Second,35000.0
Toyota,2017,135494,Diesel,Manual,First,400105.0
Tata,2008,156224,Diesel,Manual,First,107825.0
Hyundai,2011,106889,Petrol,Manual,First,233207.0
Volkswagen,2017,169256,Diesel,Manual,Second,316325.0
Toyota,2017,157241,Petrol,Manual,First,434057.0
Mahindra,2017,62043,Diesel,Manual,First,409947.0
Hyundai,2010,35051,Petrol,Manual,First,211605.0
Toyota,2013,11817,CNG,Automatic,First,375750.0
Tata,2010,153534,Diesel,Automatic,First,89579.0
Tata,2020,157266,Petrol,Manual,First,360579.0
Kia,2022,148799,Petrol,Manual,First,496568.0
Kia,2017,146907,Diesel,Manual,First,355297.0
Maruti,2011,178712,Petrol,Manual,First,59256.0
Volkswagen,2013,28167,Diesel,Automatic,First,297396.0
Volkswagen,2006,64436,CNG,Manual,First,98699.0
Volkswagen,2013,154900,Petrol,Manual,Second,204065.0
Toyota,2019,80217,Diesel,Manual,First,479998.0
Tata,2022,140752,Petrol,Manual,First,431662.0
Honda,2024,152461,Petrol,Manual,First,543712.0
Tata,2010,112081,Diesel,Manual,First,205125.0
Mahindra,2023,15124,Petrol,Manual,First,523798.0
Volkswagen,2024,112177,Petrol,Automatic,First,587788.0
Tata,2006,140455,Petrol,Automatic,First,35000.0
Toyota,2022,164127,Diesel,Manual,First,537840.0
Honda,2019,108040,Petrol,Automatic,First,456975.0
Mahindra,2009,11375,Diesel,Automatic,First,179137.0
Mahindra,2013,48471,Petrol,Manual,Third,154974.0
Ford,2014,77646,Petrol,Automatic,First,267673.0
Kia,2024,89209,Petrol,Manual,First,539184.0
Volkswagen,2006,104687,Diesel,Manual,First,87566.0
Tata,2009,7938,Petrol,Manual,First,111663.0
Volkswagen,2020,53241,Petrol,Automatic,Second,441614.0
Kia,2018,74615,Diesel,Manual,Second,379542.0
Tata,2007,124796,Petrol,Manual,Third,35000.0
Hyundai,2014,45806,Petrol,Manual,Second,249874.0
Hyundai,2016,81449,Petrol,Manual,Second,230422.0
Tata,2009,18918,Diesel,Manual,First,194232.0
Renault,2009,124169,CNG,Manual,First,149035.0
Mahindra,2015,131244,Petrol,Manual,Second,252394.0
Toyota,2014,121358,Petrol,Manual,First,356476.0
Volkswagen,2019,152282,CNG,Manual,First,346846.0
Hyundai,2017,134525,Diesel,Manual,First,258856.0
Hyundai,2011,148875,Diesel,Manual,First,245892.0
Maruti,2010,74097,Petrol,Manual,First,166077.0
Honda,2011,11083,Diesel,Automatic,First,261113.0
Mahindra,2007,171175,Diesel,Manual,First,99556.0
Renault,2014,26659,Petrol,Automatic,Second,192410.0
Toyota,2016,56340,Petrol,Manual,First,355939.0
Ford,2009,96211,Diesel,Manual,First,110668.0
Toyota,2016,124075,Petrol,Manual,First,426495.0
Toyota,2012,67210,Diesel,Automatic,First,400523.0
Ford,2021,73921,Petrol,Manual,First,412049.0
Ford,2024,123829,Petrol,Manual,First,477480.0
Volkswagen,2019,143669,Petrol,Manual,Second,270541.0
Mahindra,2014,178191,Diesel,Manual,Second,163582.0
Honda,2020,26101,Petrol,Automatic,First,491905.0
Volkswagen,2014,70330,Diesel,Automatic,First,312379.0
Mahindra,2019,53258,Petrol,Manual,First,478152.0
Volkswagen,2022,61153,Petrol,Automatic,Second,427897.0
Tata,2010,48909,Petrol,Manual,Second,129194.0
Hyundai,2017,97311,Diesel,Manual,First,418301.0
Mahindra,2023,98013,Diesel,Automatic,Second,528570.0
Honda,2021,106523,Diesel,Manual,Third,356507.0
Tata,2023,46419,Petrol,Manual,Second,461272.0
Hyundai,2022,127754,Petrol,Manual,First,455606.0
Maruti,2005,69828,Petrol,Manual,Second,35000.0
Toyota,2011,34544,Diesel,Manual,First,355357.0
Volkswagen,2015,41448,CNG,Automatic,First,345572.0
Hyundai,2021,144953,Petrol,Manual,Second,351135.0
Honda,2009,165894,Petrol,Automatic,Second,78601.0
Mahindra,2007,120775,Petrol,Manual,First,119596.0
Toyota,2016,112665,Diesel,Automatic,First,416204.0
Tata,2009,119402,Diesel,Manual,Second,101776.0
Ford,2009,46115,Petrol,Automatic,First,129324.0
Mahindra,2015,154953,Petrol,Manual,First,264816.0
Mahindra,2012,151988,Diesel,Manual,First,272785.0
Toyota,2022,80115,Diesel,Manual,First,535224.0
Volkswagen,2006,13124,Diesel,Manual,Second,35000.0
Renault,2015,103301,Diesel,Manual,First,310922.0
Tata,2016,74641,CNG,Manual,Second,281417.0
Kia,2009,116994,Petrol,Manual,First,239162.0
Mahindra,2015,147943,Petrol,Manual,First,307147.0
Hyundai,2010,102754,Petrol,Manual,First,150627.0
Kia,2010,94767,Petrol,Manual,First,239222.0
Toyota,2017,77271,Petrol,Manual,Third,367582.0
Tata,2012,90395,Petrol,Manual,First,190856.0
Tata,2007,81005,Petrol,Automatic,First,119483.0
Volkswagen,2024,77854,Petrol,Manual,Second,416614.0
Toyota,2023,83913,CNG,Manual,Second,525334.0
Kia,2017,149886,Diesel,Manual,First,320133.0
Renault,2022,135044,Petrol,Manual,First,429433.0
Toyota,2018,151419,Diesel,Automatic,Third,342840.0
Kia,2008,9334,Diesel,Automatic,First,228754.0
Mahindra,2018,113960,Petrol,Manual,First,373745.0
Tata,2011,117813,Petrol,Automatic,Third,114871.0
Ford,2023,35657,Petrol,Automatic,First,510895.0
Maruti,2009,45985,Petrol,Automatic,Second,165204.0
Volkswagen,2016,60819,Petrol,Automatic,Second,205692.0
Renault,2023,107116,Petrol,Manual,First,493388.0
Hyundai,2018,43033,Petrol,Manual,First,413186.0
Toyota,2006,18667,CNG,Automatic,First,167176.0
Toyota,2017,118548,Petrol,Automatic,First,392738.0
Volkswagen,2019,117180,Diesel,Automatic,First,421690.0
Honda,2022,13486,Petrol,Manual,First,500041.0
Toyota,2008,101566,Petrol,Manual,First,165325.0
Volkswagen,2011,8964,Diesel,Manual,First,217437.0
Hyundai,2015,135094,Diesel,Automatic,Third,220063.0
Volkswagen,2010,65288,Petrol,Manual,First,155114.0
Tata,2020,57083,Petrol,Manual,First,441593.0
Volkswagen,2008,17768,Petrol,Manual,Third,61978.0
Tata,2006,60980,Petrol,Manual,First,70640.0
Tata,2006,26467,Diesel,Manual,First,166748.0
Tata,2007,144871,Petrol,Manual,First,107792.0
Maruti,2024,145043,Petrol,Manual,Second,444956.0
Hyundai,2023,132317,Petrol,Manual,First,472664.0
Hyundai,2024,56322,Petrol,Manual,Second,480076.0
Honda,2011,77963,Petrol,Automatic,First,256272.0
Maruti,2012,50171,Diesel,Automatic,First,251062.0
Tata,2021,149445,Petrol,Manual,First,427588.0
Renault,2022,159991,Petrol,Manual,Second,370747.0
Tata,2012,29550,CNG,Automatic,Second,263497.0
Kia,2013,71828,Diesel,Manual,First,286360.0
Kia,2020,138174,Petrol,Automatic,First,401977.0
Hyundai,2020,24650,Diesel,Manual,First,423631.0
Tata,2020,115886,Diesel,Manual,Second,357798.0
Ford,2010,178494,Petrol,Manual,First,61954.0
Volkswagen,2009,136801,Petrol,Manual,Second,192092.0
Kia,2024,37188,Petrol,Manual,First,567956.0
Toyota,2010,126406,Petrol,Manual,Second,214507.0
Tata,2020,62425,Diesel,Automatic,First,445337.0
Hyundai,2006,98326,Diesel,Automatic,First,62744.0
Honda,2016,139022,Petrol,Manual,First,342804.0
Ford,2019,63052,Diesel,Automatic,First,388834.0
Ford,2018,12409,Diesel,Manual,First,318824.0
Volkswagen,2022,136491,Diesel,Manual,Second,421035.0
Ford,2015,120107,CNG,Automatic,First,260611.0
Toyota,2018,119034,Diesel,Manual,First,465664.0
Tata,2020,162532,CNG,Manual,Second,366768.0
Toyota,2022,9100,Petrol,Automatic,First,619997.0
Mahindra,2006,118787,Petrol,Automatic,First,145730.0
Honda,2018,40314,Diesel,Automatic,First,395038.0
Ford,2006,141343,Petrol,Manual,Third,35000.0
Toyota,2006,81646,CNG,Manual,First,131514.0
Honda,2011,59631,Diesel,Manual,Second,145312.0
Toyota,2011,114333,Petrol,Manual,Second,169008.0
Volkswagen,2008,33597,Diesel,Manual,Second,83178.0
Hyundai,2009,108874,Diesel,Manual,First,139751.0
Maruti,2014,30856,Petrol,Manual,Second,239653.0
Kia,2012,166432,Diesel,Automatic,Second,262332.0
Maruti,2007,110175,Petrol,Manual,First,140029.0
Maruti,2012,51586,Diesel,Manual,Third,150288.0
Toyota,2006,27603,Diesel,Automatic,Third,127036.0
Renault,2021,47511,Petrol,Manual,First,424556.0
Mahindra,2005,105530,Petrol,Automatic,First,87797.0
Ford,2019,8266,Petrol,Manual,Second,311249.0
Volkswagen,2005,23588,Petrol,Automatic,Second,52468.0
Mahindra,2019,168431,Petrol,Manual,First,330576.0
Kia,2020,41352,Petrol,Manual,First,501468.0
Kia,2018,120301,Petrol,Manual,First,325744.0
Honda,2005,159671,Diesel,Manual,First,146232.0
Toyota,2023,92667,Diesel,Manual,First,645860.0
Kia,2012,48839,Petrol,Manual,First,250530.0
Mahindra,2024,116172,Petrol,Manual,Second,512410.0
Tata,2005,34486,Diesel,Manual,First,60564.0
Tata,2013,20305,Petrol,Manual,Third,156260.0
Tata,2014,38730,Diesel,Manual,First,276237.0
Ford,2007,84005,Petrol,Automatic,First,140267.0
Tata,2019,65049,Petrol,Manual,Second,345358.0
Honda,2021,84324,Diesel,Manual,First,449033.0
Maruti,2018,101185,Diesel,Manual,First,427252.0
Ford,2016,129142,Diesel,Manual,First,260297.0
Ford,2011,66290,Diesel,Automatic,First,198855.0
Ford,2008,65352,Petrol,Automatic,First,76326.0
Kia,2010,35569,Petrol,Manual,First,207993.0
Renault,2023,104521,Petrol,Manual,First,407007.0
Maruti,2021,62048,CNG,Manual,Second,397954.0
Ford,2007,86942,Petrol,Manual,Second,96700.0
Honda,2013,171352,Petrol,Manual,First,269014.0
Volkswagen,2016,112028,Diesel,Manual,First,323248.0
Maruti,2018,165170,Diesel,Manual,First,391506.0
Renault,2013,55681,CNG,Manual,First,238604.0
Mahindra,2014,109641,Diesel,Manual,Second,269386.0
Ford,2013,166870,Diesel,Manual,First,246457.0
Kia,2024,110978,Petrol,Manual,Second,413078.0
Maruti,2006,167144,Diesel,Automatic,Second,35000.0
Honda,2017,58140,Petrol,Manual,First,341222.0
Ford,2013,78318,Petrol,Manual,First,184052.0
Hyundai,2008,73503,Diesel,Manual,Second,159133.0
Mahindra,2020,139703,Petrol,Manual,First,407919.0
Volkswagen,2007,82857,Petrol,Manual,First,73273.0
Volkswagen,2016,144092,Petrol,Automatic,First,323484.0
Hyundai,2010,97464,Petrol,Manual,First,184637.0
Ford,2007,66605,Diesel,Manual,Second,81452.0
Honda,2017,101099,CNG,Manual,First,363368.0
Toyota,2015,72322,Diesel,Manual,First,361678.0
Renault,2022,78599,Petrol,Manual,Second,398593.0
Mahindra,2005,49089,Petrol,Manual,Second,86159.0
Mahindra,2008,26680,Diesel,Manual,Second,175401.0
Maruti,2023,150915,Diesel,Manual,First,471681.0
Volkswagen,2013,151878,Diesel,Automatic,First,244792.0
Ford,2006,173634,Petrol,Manual,Second,36011.0
Kia,2007,22209,Diesel,Manual,First,174334.0
Renault,2007,179489,Diesel,Manual,First,79323.0
Hyundai,2011,57276,Diesel,Manual,Second,179012.0
Kia,2010,90559,Diesel,Manual,Second,182943.0
Maruti,2009,130925,Diesel,Automatic,Second,159351.0
Hyundai,2017,5513,CNG,Automatic,Third,285559.0
Honda,2020,71928,Diesel,Manual,First,473625.0
Tata,2020,136101,Petrol,Manual,First,405529.0
Toyota,2011,135313,Petrol,Manual,First,190843.0
Toyota,2023,117645,Diesel,Automatic,Second,465105.0
Toyota,2024,97228,Petrol,Manual,First,519738.0
Maruti,2009,157491,CNG,Automatic,First,90582.0
Maruti,2015,47624,Diesel,Automatic,Second,324960.0
Renault,2019,137750,Diesel,Manual,First,355291.0
Ford,2007,114456,CNG,Manual,First,81391.0
Ford,2015,144991,Diesel,Manual,First,250966.0
Volkswagen,2022,128421,Petrol,Automatic,First,453420.0
Ford,2021,117722,Diesel,Manual,Second,411067.0
Toyota,2013,40333,Petrol,Manual,Second,233406.0
Hyundai,2012,25091,Petrol,Manual,Second,268365.0
Mahindra,2011,96942,Diesel,Manual,First,231684.0
Mahindra,2020,113812,Petrol,Automatic,First,471641.0
Honda,2006,39726,Petrol,Manual,First,136363.0
Renault,2012,23444,CNG,Manual,First,228898.0
Renault,2018,179100,Petrol,Manual,First,345961.0
Mahindra,2022,152305,Petrol,Manual,First,560558.0
Honda,2016,10366,Diesel,Manual,First,343942.0
Volkswagen,2017,87023,Petrol,Manual,Second,283388.0
Tata,2016,25900,Petrol,Manual,First,357511.0
Volkswagen,2008,8655,Petrol,Manual,First,179627.0
Toyota,2019,172967,Petrol,Manual,First,452014.0
Maruti,2014,173141,CNG,Manual,First,210921.0
Ford,2015,9820,Petrol,Automatic,First,294008.0
Renault,2020,41039,Petrol,Manual,Second,414687.0
Mahindra,2010,159243,Diesel,Manual,First,217906.0
Hyundai,2017,104269,Petrol,Manual,First,390499.0
Renault,2017,144638,Diesel,Manual,First,314758.0
Volkswagen,2020,29322,Petrol,Manual,First,478733.0
Ford,2019,148022,Petrol,Automatic,First,380354.0
Honda,2022,109523,Petrol,Manual,First,497316.0
Kia,2017,119731,Diesel,Manual,First,376483.0
Maruti,2021,161128,Petrol,Manual,Second,433665.0
Kia,2020,119108,Petrol,Manual,First,451425.0
Ford,2011,41901,Petrol,Manual,Second,99066.0
Maruti,2022,7526,Petrol,Manual,Second,529084.0
Volkswagen,2008,18117,Petrol,Manual,Second,108284.0
Volkswagen,2012,13190,CNG,Automatic,First,260566.0
Toyota,2015,68433,Petrol,Manual,First,394892.0
Ford,2010,149793,Diesel,Manual,First,150781.0
Kia,2011,98567,Petrol,Manual,Second,158007.0
Kia,2014,163890,Petrol,Manual,Second,280526.0
Renault,2016,67540,Petrol,Manual,First,314279.0
Hyundai,2015,15667,Diesel,Automatic,Second,388610.0
Volkswagen,2014,72662,Diesel,Manual,Second,202970.0
Kia,2019,15266,Diesel,Automatic,Third,433737.0
Renault,2008,95433,Petrol,Automatic,Second,123836.0
Volkswagen,2020,31544,CNG,Manual,First,489614.0
Hyundai,2007,50421,Petrol,Automatic,Second,87281.0
Volkswagen,2008,54798,Petrol,Manual,First,122988.0
Kia,2009,148701,Petrol,Manual,First,228549.0
Tata,2011,51578,Petrol,Manual,Second,214352.0
Maruti,2015,51066,Petrol,Manual,First,314648.0
Volkswagen,2007,160191,Petrol,Manual,First,136497.0
Renault,2017,172124,Petrol,Manual,First,284305.0
Maruti,2011,165752,Petrol,Manual,Second,117415.0
Ford,2006,128425,Petrol,Manual,Second,35000.0
Hyundai,2008,10785,Petrol,Manual,Second,35000.0
Honda,2016,24084,Petrol,Automatic,First,421005.0
Hyundai,2006,112845,CNG,Manual,First,92827.0
Ford,2017,8982,Petrol,Manual,First,294433.0
Volkswagen,2010,151153,CNG,Automatic,First,236398.0
Ford,2013,168971,Petrol,Manual,First,251350.0
Maruti,2016,77027,Petrol,Manual,Second,274481.0
Maruti,2020,45236,Petrol,Manual,First,399261.0
Mahindra,2009,60622,Petrol,Manual,First,186492.0
Ford,2009,63285,Diesel,Manual,First,81413.0
Ford,2010,172455,Petrol,Manual,First,132651.0
Maruti,2008,141808,Diesel,Manual,Second,79754.0
Volkswagen,2019,62112,Diesel,Automatic,Second,339364.0
Honda,2023,168542,Petrol,Manual,First,514783.0
Toyota,2010,5690,Diesel,Manual,First,335436.0
Renault,2023,53815,Diesel,Manual,First,444156.0
Ford,2005,127245,Petrol,Manual,First,49195.0
Kia,2024,44392,Diesel,Manual,First,595438.0
Kia,2005,11424,Diesel,Manual,First,162854.0
Volkswagen,2015,8816,Petrol,Manual,First,344359.0
Renault,2009,28812,Petrol,Manual,First,116143.0
Hyundai,2008,111003,Petrol,Automatic,First,167037.0
Renault,2010,30753,Petrol,Manual,First,134690.0
Maruti,2018,96057,Diesel,Manual,First,438761.0
Ford,2010,32194,Diesel,Manual,First,151762.0
Honda,2015,164985,Diesel,Manual,First,226460.0
Hyundai,2022,89969,Petrol,Manual,Second,347110.0
Renault,2011,173529,Petrol,Manual,First,170678.0
Maruti,2021,122022,Diesel,Manual,First,433227.0
Volkswagen,2021,34307,Petrol,Manual,Third,328523.0
Honda,2012,112845,Diesel,Manual,First,322871.0
Kia,2012,56629,CNG,Manual,First,315554.0
Maruti,2019,47932,Petrol,Manual,Second,371020.0
Renault,2022,69743,Petrol,Automatic,First,443394.0
Maruti,2021,85730,Diesel,Manual,First,405757.0
Honda,2009,121025,Diesel,Automatic,First,197893.0
Volkswagen,2018,51973,Petrol,Automatic,First,392651.0
Kia,2012,41889,Petrol,Automatic,Second,306209.0
Kia,2022,163865,Petrol,Automatic,Second,430552.0
Honda,2024,138752,CNG,Manual,First,511136.0
Toyota,2017,33320,Petrol,Manual,Second,465620.0
Volkswagen,2019,11202,Petrol,Automatic,Third,345446.0
Maruti,2007,126075,Petrol,Manual,First,111100.0
Honda,2015,177362,Petrol,Automatic,First,246596.0
Renault,2012,37250,Diesel,Manual,First,242990.0
Kia,2021,19065,Petrol,Manual,Second,454175.0
Mahindra,2010,79799,Petrol,Manual,Second,147486.0
Renault,2011,21271,Petrol,Manual,Second,177117.0
Mahindra,2013,132233,Diesel,Automatic,Second,227824.0
Tata,2014,73649,Petrol,Manual,First,241228.0
Renault,2007,93894,Petrol,Manual,First,70749.0
Renault,2014,170327,Petrol,Manual,First,194747.0
Tata,2007,127859,Petrol,Automatic,Second,62388.0
Honda,2022,117454,Petrol,Automatic,First,530057.0
Hyundai,2015,128504,Diesel,Automatic,First,327714.0
Honda,2022,95930,Petrol,Automatic,First,500884.0
Kia,2015,114553,Petrol,Manual,Second,270024.0
Hyundai,2011,86131,Diesel,Automatic,First,284192.0
Maruti,2007,5421,Petrol,Automatic,Third,35000.0
Ford,2015,84747,Petrol,Manual,Second,253023.0
Mahindra,2014,170687,Petrol,Manual,First,251812.0
Ford,2015,112501,Petrol,Manual,Second,207729.0
Kia,2010,19025,Petrol,Manual,First,231140.0
Tata,2005,167152,Petrol,Manual,Second,85077.0
Hyundai,2017,72993,Petrol,Automatic,First,297196.0
Kia,2015,127389,Diesel,Automatic,First,367100.0
Mahindra,2009,125766,Diesel,Automatic,First,164629.0
Tata,2014,166587,Petrol,Manual,Second,127183.0
Renault,2006,131664,Diesel,Manual,Second,35000.0
Honda,2015,128055,Diesel,Automatic,First,290390.0
Volkswagen,2017,171944,Petrol,Manual,Third,237812.0
Hyundai,2022,105750,Petrol,Automatic,First,543792.0
Ford,2013,65842,Petrol,Automatic,Second,155918.0
Renault,2020,133657,Petrol,Manual,First,461988.0
Ford,2012,50676,Diesel,Manual,Second,192548.0
Tata,2018,119887,Petrol,Manual,First,361913.0
Honda,2006,62223,Diesel,Automatic,First,173868.0
Maruti,2016,48817,Diesel,Manual,Second,295156.0
Honda,2020,36389,Petrol,Manual,Second,393069.0
Honda,2020,137377,Petrol,Automatic,First,484179.0
Hyundai,2023,43427,CNG,Manual,First,509318.0
Maruti,2011,45726,Petrol,Automatic,Second,149394.0
Mahindra,2015,83520,Petrol,Manual,First,280150.0
Renault,2008,52766,Petrol,Automatic,First,126100.0
Kia,2006,153012,Diesel,Automatic,First,205642.0
Honda,2005,67332,Diesel,Manual,First,105994.0
Ford,2013,154459,Diesel,Manual,First,263453.0
Hyundai,2007,24121,CNG,Manual,Second,51773.0
Ford,2020,92800,Diesel,Manual,First,401588.0
Ford,2017,51847,Petrol,Manual,First,333961.0
Maruti,2013,174559,Diesel,Manual,Second,186154.0
Tata,2024,65142,Petrol,Manual,Third,321614.0
Ford,2011,94897,Diesel,Manual,Second,192108.0
Honda,2010,161900,Petrol,Manual,First,232038.0
Toyota,2024,52546,Diesel,Manual,Second,623867.0
Hyundai,2008,100435,Petrol,Manual,First,131024.0
Hyundai,2008,24532,Petrol,Manual,Second,137164.0
Honda,2024,7895,Diesel,Manual,First,560222.0
Honda,2017,7193,Diesel,Manual,First,449645.0
Ford,2023,120959,Petrol,Automatic,First,494839.0
Tata,2014,51009,Diesel,Automatic,First,318407.0
Renault,2007,129027,Petrol,Manual,Second,35000.0
